<?xml version="1.0" encoding="UTF-8"?>
<project-private xmlns="http://www.netbeans.org/ns/project-private/1">
    <editor-bookmarks xmlns="http://www.netbeans.org/ns/editor-bookmarks/2" lastBookmarkId="0"/>
    <open-files xmlns="http://www.netbeans.org/ns/projectui-open-files/2">
        <group>
            <file>file:/C:/Users/otero.haritz/Desktop/Haritz%20DAM/PROGRAMAZIOA/Net%20Beans/UD-2-OOP/02-LaukienProiektua/src/pkg02/laukienproiektua/LaukiBatSortu.java</file>
            <file>file:/C:/Users/otero.haritz/Desktop/Haritz%20DAM/PROGRAMAZIOA/Net%20Beans/UD-2-OOP/02-LaukienProiektua/src/pkg02/laukienproiektua/LaukiAskoSortu.java</file>
            <file>file:/C:/Users/otero.haritz/Desktop/Haritz%20DAM/PROGRAMAZIOA/Net%20Beans/UD-2-OOP/02-LaukienProiektua/src/pkg02/laukienproiektua/Laukia.java</file>
            <file>file:/C:/Users/otero.haritz/Desktop/Haritz%20DAM/PROGRAMAZIOA/Net%20Beans/UD-2-OOP/02-LaukienProiektua/src/pkg02/laukienproiektua/Menua.java</file>
            <file>file:/C:/Users/otero.haritz/Desktop/Haritz%20DAM/PROGRAMAZIOA/Net%20Beans/UD-2-OOP/02-LaukienProiektua/src/pkg02/laukienproiektua/HiruLaukiSortu.java</file>
        </group>
    </open-files>
</project-private>
